URI,routeStreets,direction,startCrossStreets,endCrossStreets,timeRange,dateRange,daysOfWeek,holidaysIncluded,hoursInRange,sample,mean_travel_time_minutes,mean_travel_time_seconds
http://localhost:8072/aggregate-travel-times/30357505/30345882/0/1/2023-11-01/2024-04-01/false/12345,Bloor St W,Westbound,Runnymede Rd,Aberfoyle Cres & Gardenvale Rd,From 00:00 to 01:00,From 2023-11-01 to 2024-04-01,weekdays,FALSE,103,53,6.040721858,362.4433115
http://localhost:8072/aggregate-travel-times/30357505/30345882/0/1/2022-11-01/2023-04-01/false/12345,Bloor St W,Westbound,Runnymede Rd,Aberfoyle Cres & Gardenvale Rd,From 00:00 to 01:00,From 2022-11-01 to 2023-04-01,weekdays,FALSE,105,3,4.73508363,284.1050178
http://localhost:8072/aggregate-travel-times/30357505/30345882/1/2/2023-11-01/2024-04-01/false/12345,Bloor St W,Westbound,Runnymede Rd,Aberfoyle Cres & Gardenvale Rd,From 01:00 to 02:00,From 2023-11-01 to 2024-04-01,weekdays,FALSE,103,28,5.843121751,350.5873051
http://localhost:8072/aggregate-travel-times/30357505/30345882/1/2/2022-11-01/2023-04-01/false/12345,Bloor St W,Westbound,Runnymede Rd,Aberfoyle Cres & Gardenvale Rd,From 01:00 to 02:00,From 2022-11-01 to 2023-04-01,weekdays,FALSE,105,5,4.614837542,276.8902525
http://localhost:8072/aggregate-travel-times/30357505/30345882/2/3/2023-11-01/2024-04-01/false/12345,Bloor St W,Westbound,Runnymede Rd,Aberfoyle Cres & Gardenvale Rd,From 02:00 to 03:00,From 2023-11-01 to 2024-04-01,weekdays,FALSE,103,39,6.394217608,383.6530565
http://localhost:8072/aggregate-travel-times/30357505/30345882/2/3/2022-11-01/2023-04-01/false/12345,Bloor St W,Westbound,Runnymede Rd,Aberfoyle Cres & Gardenvale Rd,From 02:00 to 03:00,From 2022-11-01 to 2023-04-01,weekdays,FALSE,105,6,5.677205966,340.6323579
http://localhost:8072/aggregate-travel-times/30357505/30345882/3/4/2023-11-01/2024-04-01/false/12345,Bloor St W,Westbound,Runnymede Rd,Aberfoyle Cres & Gardenvale Rd,From 03:00 to 04:00,From 2023-11-01 to 2024-04-01,weekdays,FALSE,103,30,5.847158777,350.8295266
http://localhost:8072/aggregate-travel-times/30357505/30345882/3/4/2022-11-01/2023-04-01/false/12345,Bloor St W,Westbound,Runnymede Rd,Aberfoyle Cres & Gardenvale Rd,From 03:00 to 04:00,From 2022-11-01 to 2023-04-01,weekdays,FALSE,105,1,5.762290763,345.7374458
http://localhost:8072/aggregate-travel-times/30357505/30345882/4/5/2023-11-01/2024-04-01/false/12345,Bloor St W,Westbound,Runnymede Rd,Aberfoyle Cres & Gardenvale Rd,From 04:00 to 05:00,From 2023-11-01 to 2024-04-01,weekdays,FALSE,103,63,6.24122148,374.4732888
http://localhost:8072/aggregate-travel-times/30357505/30345882/4/5/2022-11-01/2023-04-01/false/12345,Bloor St W,Westbound,Runnymede Rd,Aberfoyle Cres & Gardenvale Rd,From 04:00 to 05:00,From 2022-11-01 to 2023-04-01,weekdays,FALSE,105,2,4.83371429,290.0228574
http://localhost:8072/aggregate-travel-times/30357505/30345882/5/6/2023-11-01/2024-04-01/false/12345,Bloor St W,Westbound,Runnymede Rd,Aberfoyle Cres & Gardenvale Rd,From 05:00 to 06:00,From 2023-11-01 to 2024-04-01,weekdays,FALSE,103,73,6.638443178,398.3065907
http://localhost:8072/aggregate-travel-times/30357505/30345882/5/6/2022-11-01/2023-04-01/false/12345,Bloor St W,Westbound,Runnymede Rd,Aberfoyle Cres & Gardenvale Rd,From 05:00 to 06:00,From 2022-11-01 to 2023-04-01,weekdays,FALSE,105,0,,
http://localhost:8072/aggregate-travel-times/30357505/30345882/6/7/2023-11-01/2024-04-01/false/12345,Bloor St W,Westbound,Runnymede Rd,Aberfoyle Cres & Gardenvale Rd,From 06:00 to 07:00,From 2023-11-01 to 2024-04-01,weekdays,FALSE,103,61,7.114239147,426.8543488
http://localhost:8072/aggregate-travel-times/30357505/30345882/6/7/2022-11-01/2023-04-01/false/12345,Bloor St W,Westbound,Runnymede Rd,Aberfoyle Cres & Gardenvale Rd,From 06:00 to 07:00,From 2022-11-01 to 2023-04-01,weekdays,FALSE,105,11,5.79191316,347.5147896
http://localhost:8072/aggregate-travel-times/30357505/30345882/7/8/2023-11-01/2024-04-01/false/12345,Bloor St W,Westbound,Runnymede Rd,Aberfoyle Cres & Gardenvale Rd,From 07:00 to 08:00,From 2023-11-01 to 2024-04-01,weekdays,FALSE,103,74,7.980993393,478.8596036
http://localhost:8072/aggregate-travel-times/30357505/30345882/7/8/2022-11-01/2023-04-01/false/12345,Bloor St W,Westbound,Runnymede Rd,Aberfoyle Cres & Gardenvale Rd,From 07:00 to 08:00,From 2022-11-01 to 2023-04-01,weekdays,FALSE,105,52,6.518557223,391.1134334
http://localhost:8072/aggregate-travel-times/30357505/30345882/8/9/2023-11-01/2024-04-01/false/12345,Bloor St W,Westbound,Runnymede Rd,Aberfoyle Cres & Gardenvale Rd,From 08:00 to 09:00,From 2023-11-01 to 2024-04-01,weekdays,FALSE,103,82,9.829945022,589.7967013
http://localhost:8072/aggregate-travel-times/30357505/30345882/8/9/2022-11-01/2023-04-01/false/12345,Bloor St W,Westbound,Runnymede Rd,Aberfoyle Cres & Gardenvale Rd,From 08:00 to 09:00,From 2022-11-01 to 2023-04-01,weekdays,FALSE,105,46,7.811034004,468.6620402
http://localhost:8072/aggregate-travel-times/30357505/30345882/9/10/2023-11-01/2024-04-01/false/12345,Bloor St W,Westbound,Runnymede Rd,Aberfoyle Cres & Gardenvale Rd,From 09:00 to 10:00,From 2023-11-01 to 2024-04-01,weekdays,FALSE,103,84,9.728377507,583.7026504
http://localhost:8072/aggregate-travel-times/30357505/30345882/9/10/2022-11-01/2023-04-01/false/12345,Bloor St W,Westbound,Runnymede Rd,Aberfoyle Cres & Gardenvale Rd,From 09:00 to 10:00,From 2022-11-01 to 2023-04-01,weekdays,FALSE,105,50,8.170473767,490.228426
http://localhost:8072/aggregate-travel-times/30357505/30345882/10/11/2023-11-01/2024-04-01/false/12345,Bloor St W,Westbound,Runnymede Rd,Aberfoyle Cres & Gardenvale Rd,From 10:00 to 11:00,From 2023-11-01 to 2024-04-01,weekdays,FALSE,103,83,9.563343215,573.8005929
http://localhost:8072/aggregate-travel-times/30357505/30345882/10/11/2022-11-01/2023-04-01/false/12345,Bloor St W,Westbound,Runnymede Rd,Aberfoyle Cres & Gardenvale Rd,From 10:00 to 11:00,From 2022-11-01 to 2023-04-01,weekdays,FALSE,105,54,8.187591795,491.2555077
http://localhost:8072/aggregate-travel-times/30357505/30345882/11/12/2023-11-01/2024-04-01/false/12345,Bloor St W,Westbound,Runnymede Rd,Aberfoyle Cres & Gardenvale Rd,From 11:00 to 12:00,From 2023-11-01 to 2024-04-01,weekdays,FALSE,103,83,10.39343261,623.6059569
http://localhost:8072/aggregate-travel-times/30357505/30345882/11/12/2022-11-01/2023-04-01/false/12345,Bloor St W,Westbound,Runnymede Rd,Aberfoyle Cres & Gardenvale Rd,From 11:00 to 12:00,From 2022-11-01 to 2023-04-01,weekdays,FALSE,105,49,7.924742168,475.4845301
http://localhost:8072/aggregate-travel-times/30357505/30345882/12/13/2023-11-01/2024-04-01/false/12345,Bloor St W,Westbound,Runnymede Rd,Aberfoyle Cres & Gardenvale Rd,From 12:00 to 13:00,From 2023-11-01 to 2024-04-01,weekdays,FALSE,103,90,10.99390759,659.6344556
http://localhost:8072/aggregate-travel-times/30357505/30345882/12/13/2022-11-01/2023-04-01/false/12345,Bloor St W,Westbound,Runnymede Rd,Aberfoyle Cres & Gardenvale Rd,From 12:00 to 13:00,From 2022-11-01 to 2023-04-01,weekdays,FALSE,105,69,7.895415273,473.7249164
http://localhost:8072/aggregate-travel-times/30357505/30345882/13/14/2023-11-01/2024-04-01/false/12345,Bloor St W,Westbound,Runnymede Rd,Aberfoyle Cres & Gardenvale Rd,From 13:00 to 14:00,From 2023-11-01 to 2024-04-01,weekdays,FALSE,103,88,10.43476599,626.0859595
http://localhost:8072/aggregate-travel-times/30357505/30345882/13/14/2022-11-01/2023-04-01/false/12345,Bloor St W,Westbound,Runnymede Rd,Aberfoyle Cres & Gardenvale Rd,From 13:00 to 14:00,From 2022-11-01 to 2023-04-01,weekdays,FALSE,105,63,8.004522814,480.2713688
http://localhost:8072/aggregate-travel-times/30357505/30345882/14/15/2023-11-01/2024-04-01/false/12345,Bloor St W,Westbound,Runnymede Rd,Aberfoyle Cres & Gardenvale Rd,From 14:00 to 15:00,From 2023-11-01 to 2024-04-01,weekdays,FALSE,103,84,10.4445332,626.671992
http://localhost:8072/aggregate-travel-times/30357505/30345882/14/15/2022-11-01/2023-04-01/false/12345,Bloor St W,Westbound,Runnymede Rd,Aberfoyle Cres & Gardenvale Rd,From 14:00 to 15:00,From 2022-11-01 to 2023-04-01,weekdays,FALSE,105,72,8.01582305,480.949383
http://localhost:8072/aggregate-travel-times/30357505/30345882/15/16/2023-11-01/2024-04-01/false/12345,Bloor St W,Westbound,Runnymede Rd,Aberfoyle Cres & Gardenvale Rd,From 15:00 to 16:00,From 2023-11-01 to 2024-04-01,weekdays,FALSE,103,84,12.34426719,740.6560315
http://localhost:8072/aggregate-travel-times/30357505/30345882/15/16/2022-11-01/2023-04-01/false/12345,Bloor St W,Westbound,Runnymede Rd,Aberfoyle Cres & Gardenvale Rd,From 15:00 to 16:00,From 2022-11-01 to 2023-04-01,weekdays,FALSE,105,81,8.658645458,519.5187275
http://localhost:8072/aggregate-travel-times/30357505/30345882/16/17/2023-11-01/2024-04-01/false/12345,Bloor St W,Westbound,Runnymede Rd,Aberfoyle Cres & Gardenvale Rd,From 16:00 to 17:00,From 2023-11-01 to 2024-04-01,weekdays,FALSE,103,83,12.54962905,752.9777427
http://localhost:8072/aggregate-travel-times/30357505/30345882/16/17/2022-11-01/2023-04-01/false/12345,Bloor St W,Westbound,Runnymede Rd,Aberfoyle Cres & Gardenvale Rd,From 16:00 to 17:00,From 2022-11-01 to 2023-04-01,weekdays,FALSE,105,88,7.957689852,477.4613911
http://localhost:8072/aggregate-travel-times/30357505/30345882/17/18/2023-11-01/2024-04-01/false/12345,Bloor St W,Westbound,Runnymede Rd,Aberfoyle Cres & Gardenvale Rd,From 17:00 to 18:00,From 2023-11-01 to 2024-04-01,weekdays,FALSE,103,93,11.96902744,718.1416465
http://localhost:8072/aggregate-travel-times/30357505/30345882/17/18/2022-11-01/2023-04-01/false/12345,Bloor St W,Westbound,Runnymede Rd,Aberfoyle Cres & Gardenvale Rd,From 17:00 to 18:00,From 2022-11-01 to 2023-04-01,weekdays,FALSE,105,84,8.098705049,485.922303
http://localhost:8072/aggregate-travel-times/30357505/30345882/18/19/2023-11-01/2024-04-01/false/12345,Bloor St W,Westbound,Runnymede Rd,Aberfoyle Cres & Gardenvale Rd,From 18:00 to 19:00,From 2023-11-01 to 2024-04-01,weekdays,FALSE,103,94,10.27834649,616.7007893
http://localhost:8072/aggregate-travel-times/30357505/30345882/18/19/2022-11-01/2023-04-01/false/12345,Bloor St W,Westbound,Runnymede Rd,Aberfoyle Cres & Gardenvale Rd,From 18:00 to 19:00,From 2022-11-01 to 2023-04-01,weekdays,FALSE,105,65,7.966656734,477.999404
http://localhost:8072/aggregate-travel-times/30357505/30345882/19/20/2023-11-01/2024-04-01/false/12345,Bloor St W,Westbound,Runnymede Rd,Aberfoyle Cres & Gardenvale Rd,From 19:00 to 20:00,From 2023-11-01 to 2024-04-01,weekdays,FALSE,103,78,8.708924636,522.5354781
http://localhost:8072/aggregate-travel-times/30357505/30345882/19/20/2022-11-01/2023-04-01/false/12345,Bloor St W,Westbound,Runnymede Rd,Aberfoyle Cres & Gardenvale Rd,From 19:00 to 20:00,From 2022-11-01 to 2023-04-01,weekdays,FALSE,105,53,6.558239975,393.4943985
http://localhost:8072/aggregate-travel-times/30357505/30345882/20/21/2023-11-01/2024-04-01/false/12345,Bloor St W,Westbound,Runnymede Rd,Aberfoyle Cres & Gardenvale Rd,From 20:00 to 21:00,From 2023-11-01 to 2024-04-01,weekdays,FALSE,103,75,7.812842243,468.7705346
http://localhost:8072/aggregate-travel-times/30357505/30345882/20/21/2022-11-01/2023-04-01/false/12345,Bloor St W,Westbound,Runnymede Rd,Aberfoyle Cres & Gardenvale Rd,From 20:00 to 21:00,From 2022-11-01 to 2023-04-01,weekdays,FALSE,105,33,6.287664231,377.2598539
http://localhost:8072/aggregate-travel-times/30357505/30345882/21/22/2023-11-01/2024-04-01/false/12345,Bloor St W,Westbound,Runnymede Rd,Aberfoyle Cres & Gardenvale Rd,From 21:00 to 22:00,From 2023-11-01 to 2024-04-01,weekdays,FALSE,103,77,7.366876009,442.0125605
http://localhost:8072/aggregate-travel-times/30357505/30345882/21/22/2022-11-01/2023-04-01/false/12345,Bloor St W,Westbound,Runnymede Rd,Aberfoyle Cres & Gardenvale Rd,From 21:00 to 22:00,From 2022-11-01 to 2023-04-01,weekdays,FALSE,105,16,6.047855781,362.8713469
http://localhost:8072/aggregate-travel-times/30357505/30345882/22/23/2023-11-01/2024-04-01/false/12345,Bloor St W,Westbound,Runnymede Rd,Aberfoyle Cres & Gardenvale Rd,From 22:00 to 23:00,From 2023-11-01 to 2024-04-01,weekdays,FALSE,103,71,6.797118857,407.8271314
http://localhost:8072/aggregate-travel-times/30357505/30345882/22/23/2022-11-01/2023-04-01/false/12345,Bloor St W,Westbound,Runnymede Rd,Aberfoyle Cres & Gardenvale Rd,From 22:00 to 23:00,From 2022-11-01 to 2023-04-01,weekdays,FALSE,105,13,5.917309123,355.0385474
http://localhost:8072/aggregate-travel-times/30357505/30345882/23/24/2023-11-01/2024-04-01/false/12345,Bloor St W,Westbound,Runnymede Rd,Aberfoyle Cres & Gardenvale Rd,From 23:00 to 00:00,From 2023-11-01 to 2024-04-01,weekdays,FALSE,103,69,6.560858258,393.6514955
http://localhost:8072/aggregate-travel-times/30357505/30345882/23/24/2022-11-01/2023-04-01/false/12345,Bloor St W,Westbound,Runnymede Rd,Aberfoyle Cres & Gardenvale Rd,From 23:00 to 00:00,From 2022-11-01 to 2023-04-01,weekdays,FALSE,105,12,4.914674954,294.8804972
http://localhost:8072/aggregate-travel-times/30345882/30357505/0/1/2023-11-01/2024-04-01/false/12345,Bloor St W,Eastbound,Aberfoyle Cres & Gardenvale Rd,Runnymede Rd,From 00:00 to 01:00,From 2023-11-01 to 2024-04-01,weekdays,FALSE,103,42,6.186485423,371.1891254
http://localhost:8072/aggregate-travel-times/30345882/30357505/0/1/2022-11-01/2023-04-01/false/12345,Bloor St W,Eastbound,Aberfoyle Cres & Gardenvale Rd,Runnymede Rd,From 00:00 to 01:00,From 2022-11-01 to 2023-04-01,weekdays,FALSE,105,3,5.494567,329.67402
http://localhost:8072/aggregate-travel-times/30345882/30357505/1/2/2023-11-01/2024-04-01/false/12345,Bloor St W,Eastbound,Aberfoyle Cres & Gardenvale Rd,Runnymede Rd,From 01:00 to 02:00,From 2023-11-01 to 2024-04-01,weekdays,FALSE,103,27,5.841356026,350.4813616
http://localhost:8072/aggregate-travel-times/30345882/30357505/1/2/2022-11-01/2023-04-01/false/12345,Bloor St W,Eastbound,Aberfoyle Cres & Gardenvale Rd,Runnymede Rd,From 01:00 to 02:00,From 2022-11-01 to 2023-04-01,weekdays,FALSE,105,3,5.519736466,331.184188
http://localhost:8072/aggregate-travel-times/30345882/30357505/2/3/2023-11-01/2024-04-01/false/12345,Bloor St W,Eastbound,Aberfoyle Cres & Gardenvale Rd,Runnymede Rd,From 02:00 to 03:00,From 2023-11-01 to 2024-04-01,weekdays,FALSE,103,57,6.220976102,373.2585661
http://localhost:8072/aggregate-travel-times/30345882/30357505/2/3/2022-11-01/2023-04-01/false/12345,Bloor St W,Eastbound,Aberfoyle Cres & Gardenvale Rd,Runnymede Rd,From 02:00 to 03:00,From 2022-11-01 to 2023-04-01,weekdays,FALSE,105,4,6.7146817,402.880902
http://localhost:8072/aggregate-travel-times/30345882/30357505/3/4/2023-11-01/2024-04-01/false/12345,Bloor St W,Eastbound,Aberfoyle Cres & Gardenvale Rd,Runnymede Rd,From 03:00 to 04:00,From 2023-11-01 to 2024-04-01,weekdays,FALSE,103,29,6.160000218,369.6000131
http://localhost:8072/aggregate-travel-times/30345882/30357505/3/4/2022-11-01/2023-04-01/false/12345,Bloor St W,Eastbound,Aberfoyle Cres & Gardenvale Rd,Runnymede Rd,From 03:00 to 04:00,From 2022-11-01 to 2023-04-01,weekdays,FALSE,105,3,7.069166151,424.1499691
http://localhost:8072/aggregate-travel-times/30345882/30357505/4/5/2023-11-01/2024-04-01/false/12345,Bloor St W,Eastbound,Aberfoyle Cres & Gardenvale Rd,Runnymede Rd,From 04:00 to 05:00,From 2023-11-01 to 2024-04-01,weekdays,FALSE,103,46,6.351568473,381.0941084
http://localhost:8072/aggregate-travel-times/30345882/30357505/4/5/2022-11-01/2023-04-01/false/12345,Bloor St W,Eastbound,Aberfoyle Cres & Gardenvale Rd,Runnymede Rd,From 04:00 to 05:00,From 2022-11-01 to 2023-04-01,weekdays,FALSE,105,1,4.130351826,247.8211095
http://localhost:8072/aggregate-travel-times/30345882/30357505/5/6/2023-11-01/2024-04-01/false/12345,Bloor St W,Eastbound,Aberfoyle Cres & Gardenvale Rd,Runnymede Rd,From 05:00 to 06:00,From 2023-11-01 to 2024-04-01,weekdays,FALSE,103,53,6.191415652,371.4849391
http://localhost:8072/aggregate-travel-times/30345882/30357505/5/6/2022-11-01/2023-04-01/false/12345,Bloor St W,Eastbound,Aberfoyle Cres & Gardenvale Rd,Runnymede Rd,From 05:00 to 06:00,From 2022-11-01 to 2023-04-01,weekdays,FALSE,105,9,6.569306579,394.1583947
http://localhost:8072/aggregate-travel-times/30345882/30357505/6/7/2023-11-01/2024-04-01/false/12345,Bloor St W,Eastbound,Aberfoyle Cres & Gardenvale Rd,Runnymede Rd,From 06:00 to 07:00,From 2023-11-01 to 2024-04-01,weekdays,FALSE,103,82,6.283927681,377.0356609
http://localhost:8072/aggregate-travel-times/30345882/30357505/6/7/2022-11-01/2023-04-01/false/12345,Bloor St W,Eastbound,Aberfoyle Cres & Gardenvale Rd,Runnymede Rd,From 06:00 to 07:00,From 2022-11-01 to 2023-04-01,weekdays,FALSE,105,34,5.668152808,340.0891685
http://localhost:8072/aggregate-travel-times/30345882/30357505/7/8/2023-11-01/2024-04-01/false/12345,Bloor St W,Eastbound,Aberfoyle Cres & Gardenvale Rd,Runnymede Rd,From 07:00 to 08:00,From 2023-11-01 to 2024-04-01,weekdays,FALSE,103,78,8.190912942,491.4547765
http://localhost:8072/aggregate-travel-times/30345882/30357505/7/8/2022-11-01/2023-04-01/false/12345,Bloor St W,Eastbound,Aberfoyle Cres & Gardenvale Rd,Runnymede Rd,From 07:00 to 08:00,From 2022-11-01 to 2023-04-01,weekdays,FALSE,105,78,6.403633605,384.2180163
http://localhost:8072/aggregate-travel-times/30345882/30357505/8/9/2023-11-01/2024-04-01/false/12345,Bloor St W,Eastbound,Aberfoyle Cres & Gardenvale Rd,Runnymede Rd,From 08:00 to 09:00,From 2023-11-01 to 2024-04-01,weekdays,FALSE,103,90,12.2759715,736.55829
http://localhost:8072/aggregate-travel-times/30345882/30357505/8/9/2022-11-01/2023-04-01/false/12345,Bloor St W,Eastbound,Aberfoyle Cres & Gardenvale Rd,Runnymede Rd,From 08:00 to 09:00,From 2022-11-01 to 2023-04-01,weekdays,FALSE,105,92,8.483940938,509.0364563
http://localhost:8072/aggregate-travel-times/30345882/30357505/9/10/2023-11-01/2024-04-01/false/12345,Bloor St W,Eastbound,Aberfoyle Cres & Gardenvale Rd,Runnymede Rd,From 09:00 to 10:00,From 2023-11-01 to 2024-04-01,weekdays,FALSE,103,95,10.61859533,637.1157196
http://localhost:8072/aggregate-travel-times/30345882/30357505/9/10/2022-11-01/2023-04-01/false/12345,Bloor St W,Eastbound,Aberfoyle Cres & Gardenvale Rd,Runnymede Rd,From 09:00 to 10:00,From 2022-11-01 to 2023-04-01,weekdays,FALSE,105,87,7.829748191,469.7848914
http://localhost:8072/aggregate-travel-times/30345882/30357505/10/11/2023-11-01/2024-04-01/false/12345,Bloor St W,Eastbound,Aberfoyle Cres & Gardenvale Rd,Runnymede Rd,From 10:00 to 11:00,From 2023-11-01 to 2024-04-01,weekdays,FALSE,103,92,9.997075319,599.8245192
http://localhost:8072/aggregate-travel-times/30345882/30357505/10/11/2022-11-01/2023-04-01/false/12345,Bloor St W,Eastbound,Aberfoyle Cres & Gardenvale Rd,Runnymede Rd,From 10:00 to 11:00,From 2022-11-01 to 2023-04-01,weekdays,FALSE,105,61,7.285839894,437.1503936
http://localhost:8072/aggregate-travel-times/30345882/30357505/11/12/2023-11-01/2024-04-01/false/12345,Bloor St W,Eastbound,Aberfoyle Cres & Gardenvale Rd,Runnymede Rd,From 11:00 to 12:00,From 2023-11-01 to 2024-04-01,weekdays,FALSE,103,88,10.3363514,620.1810837
http://localhost:8072/aggregate-travel-times/30345882/30357505/11/12/2022-11-01/2023-04-01/false/12345,Bloor St W,Eastbound,Aberfoyle Cres & Gardenvale Rd,Runnymede Rd,From 11:00 to 12:00,From 2022-11-01 to 2023-04-01,weekdays,FALSE,105,57,7.836670299,470.200218
http://localhost:8072/aggregate-travel-times/30345882/30357505/12/13/2023-11-01/2024-04-01/false/12345,Bloor St W,Eastbound,Aberfoyle Cres & Gardenvale Rd,Runnymede Rd,From 12:00 to 13:00,From 2023-11-01 to 2024-04-01,weekdays,FALSE,103,87,10.88333518,653.0001108
http://localhost:8072/aggregate-travel-times/30345882/30357505/12/13/2022-11-01/2023-04-01/false/12345,Bloor St W,Eastbound,Aberfoyle Cres & Gardenvale Rd,Runnymede Rd,From 12:00 to 13:00,From 2022-11-01 to 2023-04-01,weekdays,FALSE,105,64,7.92761433,475.6568598
http://localhost:8072/aggregate-travel-times/30345882/30357505/13/14/2023-11-01/2024-04-01/false/12345,Bloor St W,Eastbound,Aberfoyle Cres & Gardenvale Rd,Runnymede Rd,From 13:00 to 14:00,From 2023-11-01 to 2024-04-01,weekdays,FALSE,103,85,10.35086151,621.0516906
http://localhost:8072/aggregate-travel-times/30345882/30357505/13/14/2022-11-01/2023-04-01/false/12345,Bloor St W,Eastbound,Aberfoyle Cres & Gardenvale Rd,Runnymede Rd,From 13:00 to 14:00,From 2022-11-01 to 2023-04-01,weekdays,FALSE,105,65,7.837236451,470.2341871
http://localhost:8072/aggregate-travel-times/30345882/30357505/14/15/2023-11-01/2024-04-01/false/12345,Bloor St W,Eastbound,Aberfoyle Cres & Gardenvale Rd,Runnymede Rd,From 14:00 to 15:00,From 2023-11-01 to 2024-04-01,weekdays,FALSE,103,84,10.28011446,616.8068675
http://localhost:8072/aggregate-travel-times/30345882/30357505/14/15/2022-11-01/2023-04-01/false/12345,Bloor St W,Eastbound,Aberfoyle Cres & Gardenvale Rd,Runnymede Rd,From 14:00 to 15:00,From 2022-11-01 to 2023-04-01,weekdays,FALSE,105,57,7.91729643,475.0377858
http://localhost:8072/aggregate-travel-times/30345882/30357505/15/16/2023-11-01/2024-04-01/false/12345,Bloor St W,Eastbound,Aberfoyle Cres & Gardenvale Rd,Runnymede Rd,From 15:00 to 16:00,From 2023-11-01 to 2024-04-01,weekdays,FALSE,103,84,12.0010102,720.060612
http://localhost:8072/aggregate-travel-times/30345882/30357505/15/16/2022-11-01/2023-04-01/false/12345,Bloor St W,Eastbound,Aberfoyle Cres & Gardenvale Rd,Runnymede Rd,From 15:00 to 16:00,From 2022-11-01 to 2023-04-01,weekdays,FALSE,105,63,8.230596509,493.8357905
http://localhost:8072/aggregate-travel-times/30345882/30357505/16/17/2023-11-01/2024-04-01/false/12345,Bloor St W,Eastbound,Aberfoyle Cres & Gardenvale Rd,Runnymede Rd,From 16:00 to 17:00,From 2023-11-01 to 2024-04-01,weekdays,FALSE,103,82,13.42998398,805.7990387
http://localhost:8072/aggregate-travel-times/30345882/30357505/16/17/2022-11-01/2023-04-01/false/12345,Bloor St W,Eastbound,Aberfoyle Cres & Gardenvale Rd,Runnymede Rd,From 16:00 to 17:00,From 2022-11-01 to 2023-04-01,weekdays,FALSE,105,64,8.127000096,487.6200058
http://localhost:8072/aggregate-travel-times/30345882/30357505/17/18/2023-11-01/2024-04-01/false/12345,Bloor St W,Eastbound,Aberfoyle Cres & Gardenvale Rd,Runnymede Rd,From 17:00 to 18:00,From 2023-11-01 to 2024-04-01,weekdays,FALSE,103,85,13.45887839,807.5327035
http://localhost:8072/aggregate-travel-times/30345882/30357505/17/18/2022-11-01/2023-04-01/false/12345,Bloor St W,Eastbound,Aberfoyle Cres & Gardenvale Rd,Runnymede Rd,From 17:00 to 18:00,From 2022-11-01 to 2023-04-01,weekdays,FALSE,105,59,8.573311024,514.3986614
http://localhost:8072/aggregate-travel-times/30345882/30357505/18/19/2023-11-01/2024-04-01/false/12345,Bloor St W,Eastbound,Aberfoyle Cres & Gardenvale Rd,Runnymede Rd,From 18:00 to 19:00,From 2023-11-01 to 2024-04-01,weekdays,FALSE,103,82,11.47006156,688.2036935
http://localhost:8072/aggregate-travel-times/30345882/30357505/18/19/2022-11-01/2023-04-01/false/12345,Bloor St W,Eastbound,Aberfoyle Cres & Gardenvale Rd,Runnymede Rd,From 18:00 to 19:00,From 2022-11-01 to 2023-04-01,weekdays,FALSE,105,65,7.991721608,479.5032965
http://localhost:8072/aggregate-travel-times/30345882/30357505/19/20/2023-11-01/2024-04-01/false/12345,Bloor St W,Eastbound,Aberfoyle Cres & Gardenvale Rd,Runnymede Rd,From 19:00 to 20:00,From 2023-11-01 to 2024-04-01,weekdays,FALSE,103,81,8.81789907,529.0739442
http://localhost:8072/aggregate-travel-times/30345882/30357505/19/20/2022-11-01/2023-04-01/false/12345,Bloor St W,Eastbound,Aberfoyle Cres & Gardenvale Rd,Runnymede Rd,From 19:00 to 20:00,From 2022-11-01 to 2023-04-01,weekdays,FALSE,105,41,6.819994091,409.1996454
http://localhost:8072/aggregate-travel-times/30345882/30357505/20/21/2023-11-01/2024-04-01/false/12345,Bloor St W,Eastbound,Aberfoyle Cres & Gardenvale Rd,Runnymede Rd,From 20:00 to 21:00,From 2023-11-01 to 2024-04-01,weekdays,FALSE,103,80,7.764583808,465.8750285
http://localhost:8072/aggregate-travel-times/30345882/30357505/20/21/2022-11-01/2023-04-01/false/12345,Bloor St W,Eastbound,Aberfoyle Cres & Gardenvale Rd,Runnymede Rd,From 20:00 to 21:00,From 2022-11-01 to 2023-04-01,weekdays,FALSE,105,34,6.260741462,375.6444877
http://localhost:8072/aggregate-travel-times/30345882/30357505/21/22/2023-11-01/2024-04-01/false/12345,Bloor St W,Eastbound,Aberfoyle Cres & Gardenvale Rd,Runnymede Rd,From 21:00 to 22:00,From 2023-11-01 to 2024-04-01,weekdays,FALSE,103,75,7.094107583,425.646455
http://localhost:8072/aggregate-travel-times/30345882/30357505/21/22/2022-11-01/2023-04-01/false/12345,Bloor St W,Eastbound,Aberfoyle Cres & Gardenvale Rd,Runnymede Rd,From 21:00 to 22:00,From 2022-11-01 to 2023-04-01,weekdays,FALSE,105,27,5.558604718,333.5162831
http://localhost:8072/aggregate-travel-times/30345882/30357505/22/23/2023-11-01/2024-04-01/false/12345,Bloor St W,Eastbound,Aberfoyle Cres & Gardenvale Rd,Runnymede Rd,From 22:00 to 23:00,From 2023-11-01 to 2024-04-01,weekdays,FALSE,103,76,6.694750662,401.6850397
http://localhost:8072/aggregate-travel-times/30345882/30357505/22/23/2022-11-01/2023-04-01/false/12345,Bloor St W,Eastbound,Aberfoyle Cres & Gardenvale Rd,Runnymede Rd,From 22:00 to 23:00,From 2022-11-01 to 2023-04-01,weekdays,FALSE,105,27,5.468368775,328.1021265
http://localhost:8072/aggregate-travel-times/30345882/30357505/23/24/2023-11-01/2024-04-01/false/12345,Bloor St W,Eastbound,Aberfoyle Cres & Gardenvale Rd,Runnymede Rd,From 23:00 to 00:00,From 2023-11-01 to 2024-04-01,weekdays,FALSE,103,69,6.349640096,380.9784058
http://localhost:8072/aggregate-travel-times/30345882/30357505/23/24/2022-11-01/2023-04-01/false/12345,Bloor St W,Eastbound,Aberfoyle Cres & Gardenvale Rd,Runnymede Rd,From 23:00 to 00:00,From 2022-11-01 to 2023-04-01,weekdays,FALSE,105,5,5.270082462,316.2049477
